station_id,streetName,long,lat,tot_slots,mean_bikes,mean_free_slots,total_observations,times_total_empty,times_total_full,pct_empty,pct_full
1,Gran Via Corts Catalanes,2.180042,41.397952,30,11.2,18.8,8799,828,226,9.41,2.57
2,Roger de Flor/ Gran Vía,2.17706,41.39553,26,8.1,17.9,8795,1162,0,13.21,0.0
3,Nàpols,2.181299,41.394055,27,11.2,15.8,8794,830,433,9.44,4.92
4,Ribes,2.181555,41.39348,21,10.0,11.0,8794,562,507,6.39,5.77
5,Pg Lluís Companys,2.180223,41.391075,39,15.5,23.5,8792,560,412,6.37,4.69
6,Pg Lluís Companys,2.18061,41.391349,39,13.8,25.2,8791,550,153,6.26,1.74
7,Pg Lluís Companys,2.183251,41.388856,27,15.2,11.8,8788,213,0,2.42,0.0
8,Pg Lluís Companys,2.183568,41.389088,27,14.1,12.9,8787,212,637,2.41,7.25
9,Marquès de l'Argentera,2.184921,41.384532,27,11.2,15.8,8785,879,305,10.01,3.47
11,Passeig Marítim,2.193914,41.381689,21,7.0,14.0,8785,1628,545,18.53,6.2
12,Pg Marítim Barceloneta,2.195679,41.384538,30,11.2,18.8,8785,1288,0,14.66,0.0
13,Avinguda Litoral,2.195761,41.386861,33,11.0,22.0,8784,1909,0,21.73,0.0
14,Avinguda del Marques Argentera,2.185039,41.384675,27,13.1,13.9,8784,569,543,6.48,6.18
15,Girona,2.171189,41.394812,21,8.2,12.8,8783,835,316,9.51,3.6
16,Av. Meridiana,2.186708,41.39827,21,5.7,15.3,8779,1642,79,18.7,0.9
17,Av. Meridiana,2.186711,41.398237,21,5.8,15.2,8777,1589,55,18.1,0.63
18,Rosselló,2.174167,41.406086,27,5.0,22.0,8776,5203,229,59.29,2.61
19,Rosselló,2.170726,41.403282,30,5.1,24.9,8775,5551,113,63.26,1.29
20,Cartagena,2.175759,41.410166,20,3.2,16.8,8775,5771,180,65.77,2.05
21,Sant Antoni Maria Claret,2.17402,41.410897,21,6.9,14.1,8775,1710,206,19.49,2.35
22,Sardenya,2.17568,41.401684,21,2.7,18.3,8774,5544,128,63.19,1.46
23,Bruc,2.171812,41.392526,27,10.7,16.3,8773,979,279,11.16,3.18
24,Marina,2.179111,41.400659,30,12.0,18.0,8773,994,411,11.33,4.68
25,Bruc,2.168294,41.395179,21,6.5,14.5,8772,1187,42,13.53,0.48
26,Dos Maig,2.181981,41.407035,18,3.8,14.2,8772,5565,610,63.44,6.95
27,Provença,2.164373,41.396897,21,3.4,17.6,8771,3263,48,37.2,0.55
28,Sardenya,2.17064,41.405422,24,1.1,22.9,8770,6276,0,71.56,0.0
29,Provença,2.170028,41.401132,21,5.8,15.2,8770,1284,133,14.64,1.52
30,Diagonal,2.182286,41.402046,21,3.2,17.8,8769,4925,232,56.16,2.65
31,Plaça del Mar,2.18895,41.37481,18,10.5,7.5,8769,265,0,3.02,0.0
32,Plaça del Mar,2.188927,41.373698,27,11.4,15.6,8766,1296,622,14.78,7.1
33,Pontevedra,2.190773,41.376862,21,11.3,9.7,8766,366,938,4.18,10.7
34,Sant Pere Més Alt,2.175247,41.387074,20,9.8,10.2,8765,227,258,2.59,2.94
35,Sant Ramon de Penyafort,2.221153,41.413592,27,11.1,15.9,8765,254,473,2.9,5.4
36,Catedral,2.176804,41.385151,21,11.3,9.7,8764,421,0,4.8,0.0
37,Pl. Antonio López,2.181888,41.381226,23,7.7,15.3,8764,1320,417,15.06,4.76
38,Pl. Pau Vila,2.186397,41.381129,20,11.4,8.6,8764,328,1264,3.74,14.42
39,Pl. Pau Vila,2.186576,41.381046,21,12.0,9.0,8762,158,1051,1.8,11.99
40,Doctor Aiguader,2.187093,41.382335,18,9.6,8.4,8762,278,246,3.17,2.81
41,Pl. Poeta Boscà/Atlàntida,2.189906,41.379326,21,12.6,8.4,8761,542,1736,6.19,19.82
42,Ciutat de Granada,2.189881,41.404511,24,9.1,14.9,8760,1291,433,14.74,4.94
43,Av Meridiana,2.18712,41.40541,1,0.0,1.0,6723,6723,0,100.0,0.0
44,Av Meridiana,2.187111,41.402285,21,5.2,15.8,8759,1727,202,19.72,2.31
45,Sardenya,2.189312,41.391429,18,9.8,8.2,8757,549,0,6.27,0.0
46,Ramon trias Fargas,2.193004,41.388359,29,12.0,17.0,8756,646,527,7.38,6.02
47,Ramon Trias Fargas,2.191147,41.389831,36,12.6,23.4,8755,1765,648,20.16,7.4
48,Meridiana,2.187073,41.396085,21,8.1,12.9,8753,553,266,6.32,3.04
49,Rosa Sensat en front,2.196457,41.39106,19,13.2,5.8,8751,11,1213,0.13,13.86
50,Av. Paral.lel,2.17035,41.375,27,11.7,15.3,8750,2378,742,27.18,8.48
51,Pl. Vicenç Martorell,2.169019,41.384054,21,11.4,9.6,8750,116,542,1.33,6.19
53,Pl. Carles Pi i Sunyer,2.173878,41.385227,24,10.6,13.4,8748,203,394,2.32,4.5
54,Sant Oleguer,2.170586,41.377635,21,13.9,7.1,8746,223,2327,2.55,26.61
55,La Rambla,2.173497,41.381154,21,9.3,11.7,8743,2235,601,25.56,6.87
56,Portal de Santa Madrona,2.175834,41.377011,26,6.7,19.3,8742,4110,190,47.01,2.17
57,La Rambla,2.177093,41.376758,27,16.6,10.4,8741,137,894,1.57,10.23
58,Plaça dels Àngels,2.167154,41.382822,21,8.8,12.2,8741,173,506,1.98,5.79
59,Plaça dels Àngels,2.167203,41.382781,21,8.6,12.4,8739,2202,828,25.2,9.47
60,Rambla Catalunya,2.16424,41.390349,27,3.7,23.3,8737,5799,111,66.37,1.27
61,Rambla Catalunya,2.164946,41.390143,27,7.9,19.1,8737,2285,355,26.15,4.06
62,Pl. Catalunya,2.168858,41.387142,21,10.0,11.0,8736,1519,801,17.39,9.17
63,Pl. Catalunya,2.169417,41.386439,27,8.0,19.0,8736,3865,438,44.24,5.01
64,Pl. Catalunya,2.169048,41.387469,21,8.4,12.6,8734,1826,842,20.91,9.64
65,Pl. Catalunya,2.169587,41.387678,21,8.8,12.2,8734,1722,774,19.72,8.86
66,Gran Via,2.167933,41.389097,15,3.0,12.0,8734,5405,307,61.88,3.51
67,Rocafort,2.145843,41.385012,24,4.1,19.9,8732,3456,110,39.58,1.26
68,Rambla Catalunya,2.157356,41.395364,27,4.1,22.9,8732,2964,81,33.94,0.93
69,Avda. Litoral,2.195689,41.386814,33,13.1,19.9,8731,932,51,10.67,0.58
70,Comte Urgell,2.160695,41.380347,21,10.5,10.5,8729,1634,1122,18.72,12.85
71,Floridablanca,2.162969,41.381931,21,10.7,10.3,8728,590,754,6.76,8.64
72,Provença,2.158811,41.392716,27,7.8,19.2,8728,1484,0,17.0,0.0
73,Enric Granados,2.156183,41.392278,21,2.0,19.0,8728,6036,85,69.16,0.97
74,Josep Tarradellas,2.143272,41.390062,21,4.2,16.8,8727,2216,25,25.39,0.29
75,Josep Tarradellas,2.142868,41.385081,21,7.3,13.7,8725,1061,374,12.16,4.29
76,Còrsega,2.153123,41.391751,33,9.7,23.3,8723,1251,17,14.34,0.19
78,Pl. Universitat,2.16338,41.385598,27,7.5,19.5,8723,3484,386,39.94,4.43
79,Pl. Universitat,2.16333,41.38547,24,7.4,16.6,8721,1666,331,19.1,3.8
80,Enric Granados,2.159999,41.389687,21,4.9,16.1,8720,2242,89,25.71,1.02
81,Vilamarí davant,2.149174,41.378915,21,6.3,14.7,8719,1666,58,19.11,0.67
82,Rocafort,2.153799,41.379016,33,12.6,20.4,8719,1550,442,17.78,5.07
83,Comte Borrell,2.153654,41.384075,27,7.1,19.9,8719,1947,168,22.33,1.93
84,Comte d'Urgell,2.157033,41.383047,21,8.3,12.7,8718,2735,517,31.37,5.93
85,Paral·lel,2.159046,41.375076,24,12.4,11.6,8717,348,1153,3.99,13.23
86,Viladomat,2.163,41.37544,27,14.0,13.0,8715,457,694,5.24,7.96
87,Mallorca,2.148506,41.383156,20,6.4,13.6,8715,2037,385,23.37,4.42
88,Londres,2.150764,41.393547,21,1.9,19.1,8715,6006,58,68.92,0.67
89,Rosselló,2.150252,41.38824,33,7.4,25.6,8714,1792,0,20.56,0.0
90,Rosselló,2.150825,41.38834,18,2.7,15.3,8714,3855,59,44.24,0.68
91,Comte Borrell,2.158403,41.380452,30,4.2,25.8,8713,6209,102,71.26,1.17
92,Provença,2.160237,41.39386,18,1.6,16.4,8713,6498,30,74.58,0.34
93,Gran Via,2.149786,41.375454,24,5.6,18.4,8713,1984,49,22.77,0.56
94,Gran Via,2.149889,41.375619,24,6.4,17.6,8712,1871,35,21.48,0.4
95,Tarragona,2.147734,41.376428,33,9.8,23.2,8712,1438,71,16.51,0.81
96,Gran Via,2.148154,41.374152,21,5.1,15.9,8711,2055,87,23.59,1.0
97,Tarragona,2.145389,41.378124,21,6.9,14.1,8709,1006,158,11.55,1.81
98,Viriat,2.141153,41.380499,21,6.3,14.7,8709,1696,270,19.47,3.1
99,Viriat,2.141548,41.380632,20,6.2,13.8,8709,1704,344,19.57,3.95
100,Tarragona,2.14409,41.379135,21,5.8,15.2,8708,1896,143,21.77,1.64
101,Av. Diagonal,2.14321,41.39243,27,3.7,23.3,8708,5659,0,64.99,0.0
102,Av. Diagonal,2.14213,41.39218,24,7.7,16.3,8707,2129,198,24.45,2.27
103,Aragó,2.188217,41.409856,21,11.1,9.9,8705,615,896,7.06,10.29
104,C/València,2.187365,41.410821,27,9.6,17.4,8704,839,2,9.64,0.02
105,PL. Urquinaona,2.173555,41.389197,21,6.9,14.1,8703,1640,412,18.84,4.73
106,Pl. Joanic,2.162317,41.405587,21,1.1,19.9,8702,6985,10,80.27,0.11
107,Travessera de Gracia,2.153154,41.398373,21,1.5,19.5,8701,6251,16,71.84,0.18
108,Indústria,2.164961,41.402314,21,3.3,17.7,8701,5449,55,62.62,0.63
109,C/ Londres,2.14737,41.390981,21,2.6,18.4,8699,5314,80,61.09,0.92
110,Avda. Roma,2.154878,41.385377,21,7.2,13.8,8696,954,182,10.97,2.09
111,Calabria,2.152755,41.381231,21,8.8,12.2,8696,1673,780,19.24,8.97
112,Floridablanca,2.15725,41.377644,21,9.8,11.2,8695,543,10,6.24,0.12
113,Sant Pau,2.164725,41.377464,27,16.2,10.8,8694,425,0,4.89,0.0
114,Pl. Jean Genet,2.173039,41.376801,21,11.0,10.0,8693,424,1555,4.88,17.89
115,Marqués d'Argentera,2.18424,41.38377,21,11.7,9.3,8692,532,850,6.12,9.78
116,Salvat Papasseit,2.191414,41.383718,27,10.2,16.8,8692,827,24,9.51,0.28
117,Rosa Sensat,2.197024,41.390666,21,9.9,11.1,8690,519,529,5.97,6.09
118,Sardenya,2.187847,41.392212,27,17.3,9.7,8688,209,1405,2.41,16.17
119,Sardenya,2.182447,41.396684,20,11.0,9.0,8687,615,1037,7.08,11.94
120,Lepant,2.176515,41.404666,21,3.9,17.1,8687,5089,113,58.58,1.3
121,Castillejos,2.178689,41.406293,21,8.0,13.0,8687,1934,549,22.26,6.32
122,Nàpols,2.16624,41.405435,21,6.1,14.9,8687,1414,16,16.28,0.18
123,Girona,2.166978,41.398013,21,2.3,18.7,8686,5435,31,62.57,0.36
124,Passeig Joan de Borbó,2.187808,41.370297,27,12.2,14.8,8686,1234,548,14.21,6.31
125,Passeig Maritim,2.195595,41.384426,21,6.2,14.8,8686,2210,12,25.44,0.14
126,Passeig de Colom,2.182581,41.380778,21,9.4,11.6,8686,472,550,5.43,6.33
127,Aragó,2.19142,41.412322,27,12.0,15.0,8685,678,467,7.81,5.38
128,Rambla Guipúscoa,2.19581,41.415581,30,14.7,15.3,8685,263,150,3.03,1.73
129,Manso,2.161269,41.377068,27,15.4,11.6,8685,302,966,3.48,11.12
130,Rambla Guipúscoa,2.201573,41.419905,24,15.5,8.5,8685,130,1522,1.5,17.52
131,Rambla Guipúscoa,2.206036,41.422808,27,14.1,12.9,8683,53,245,0.61,2.82
132,Pl. Valentí Amirall,2.192173,41.408439,26,15.7,10.3,8681,180,1326,2.07,15.27
133,Gran Vía,2.192804,41.407307,18,10.0,8.0,8680,286,867,3.29,9.99
134,Bac de Roda,2.198735,41.411433,21,11.9,9.1,8680,274,0,3.16,0.0
135,Gran Vía,2.197936,41.411908,21,8.8,12.2,8678,415,495,4.78,5.7
136,Gran Vía,2.201734,41.414226,27,17.1,9.9,8678,136,1322,1.57,15.23
137,"Gran Vía, 1041/ Selva de Mar",2.201538,41.414758,27,10.5,16.5,8677,553,184,6.37,2.12
138,Gran Vía,2.205397,41.416966,24,14.9,9.1,8677,200,1010,2.3,11.64
139,Gran Vía,2.206023,41.418035,27,12.4,14.6,8676,403,404,4.64,4.66
140,Viladomat,2.15614,41.38063,27,12.9,14.1,8673,681,326,7.85,3.76
141,Gran Via,2.194896,41.40902,30,13.4,16.6,8672,331,0,3.82,0.0
142,Sancho de Ávila,2.192511,41.400503,33,10.4,22.6,8671,1521,402,17.54,4.64
143,Sancho de Ávila,2.19606,41.40325,27,11.1,15.9,8671,666,648,7.68,7.47
144,Castella,2.19764,41.40562,27,13.6,13.4,8671,161,586,1.86,6.76
145,Pere IV,2.202904,41.40982,26,12.1,13.9,8670,89,123,1.03,1.42
146,Pere IV,2.207111,41.415191,15,8.3,6.7,8669,311,929,3.59,10.72
147,Rambla Prim,2.212658,41.416018,27,14.8,12.2,8667,155,585,1.79,6.75
148,Ronda Sant Pau,2.163404,41.378486,27,15.8,11.2,8667,1524,1595,17.58,18.4
149,Pujades,2.192958,41.395905,27,9.8,17.2,8667,800,0,9.23,0.0
150,Espronceda,2.203112,41.406549,27,13.0,14.0,8665,108,381,1.25,4.4
151,Pallars,2.19719,41.40065,24,9.4,14.6,8664,546,420,6.3,4.85
152,Pujades,2.197421,41.39925,27,12.9,14.1,8663,209,377,2.41,4.35
153,Pujades,2.200769,41.401778,27,12.9,14.1,8662,192,424,2.22,4.89
154,Pujades,2.201656,41.402454,27,10.6,16.4,8661,393,268,4.54,3.09
155,Pujades,2.207602,41.406977,33,15.0,18.0,8661,389,368,4.49,4.25
156,Diagonal,2.20881,41.409017,27,12.2,14.8,8661,243,0,2.81,0.0
157,C/ LLULL - RBLA. PRIM,2.217819,41.412947,27,17.4,9.6,8660,1,894,0.01,10.32
158,Rambla de Prim,2.218546,41.411741,26,13.8,12.2,8660,676,0,7.81,0.0
159,Avda. Diagonal,2.216703,41.410882,32,19.9,12.1,8658,116,0,1.34,0.0
160,Avda. d'Eduard Maristany,2.219377,41.411026,33,19.8,13.2,8658,253,938,2.92,10.83
161,Ramon Turro,2.196308,41.395009,27,11.5,15.5,8655,297,107,3.43,1.24
162,Ramon Turro,2.208436,41.403908,27,15.2,11.8,8655,89,0,1.03,0.0
163,Avda. Icaria,2.20077,41.3942,26,13.7,12.3,8655,226,301,2.61,3.48
164,Independència,2.177895,41.411901,26,2.9,23.1,8654,6062,0,70.05,0.0
165,Carrer del Doctor Trueta,2.204253,41.399196,26,19.1,6.9,8654,55,1708,0.64,19.74
166,Bilbao,2.206539,41.400533,24,12.0,12.0,8653,278,739,3.21,8.54
167,Bac de Roda,2.210538,41.402561,21,14.3,6.7,8652,74,821,0.86,9.49
168,Selva de Mar,2.213677,41.405358,27,15.6,11.4,8652,124,869,1.43,10.04
169,Avda. Litoral,2.200055,41.389896,27,7.0,20.0,8652,2243,178,25.92,2.06
170,Avda. Litoral,2.199934,41.389732,27,8.9,18.1,8652,933,78,10.78,0.9
171,Passeig Marítim de la Nova Icària,2.203699,41.391986,27,6.2,20.8,8649,849,26,9.82,0.3
172,Passeig Marítim de la Nova Icària,2.203436,41.391831,27,8.2,18.8,8649,621,53,7.18,0.61
173,Avda. Litoral,2.208982,41.398027,27,11.4,15.6,8648,303,108,3.5,1.25
174,Passeig de Garcia Fària,2.210461,41.40061,27,12.3,14.7,8648,103,459,1.19,5.31
175,Llull / Provençals,2.20956,41.40666,27,12.6,14.4,8648,252,312,2.91,3.61
176,Passeig de Garcia Fària,2.212641,41.402541,27,12.2,14.8,8646,146,671,1.69,7.76
177,Rosselló,2.181119,41.411089,27,11.1,15.9,8646,1100,317,12.72,3.67
178,Passeig de Garcia Fària,2.216212,41.405389,27,10.7,16.3,8645,1177,264,13.61,3.05
179,Pg. Zona Franca,2.13677,41.363511,21,10.5,10.5,8644,569,636,6.58,7.36
180,Gran Via,2.13926,41.36778,27,18.8,8.2,8643,206,1557,2.38,18.01
181,Gran Via,2.13911,41.36766,27,17.9,9.1,8643,372,1424,4.3,16.48
182,Gran Via,2.143882,41.371455,27,14.7,12.3,8641,453,386,5.24,4.47
183,Gavà,2.141875,41.372338,27,14.8,12.2,8639,536,779,6.2,9.02
184,Quetzal,2.134088,41.367504,27,17.7,9.3,8638,158,1673,1.83,19.37
185,Gavà,2.138994,41.37046,21,10.1,10.9,8638,692,833,8.01,9.64
186,Consell de Cent,2.143812,41.375571,15,6.2,8.8,8638,1216,351,14.08,4.06
187,Carrer de Sant Pau,2.169811,41.376858,18,9.3,8.7,8638,2215,1436,25.64,16.62
188,Pl. Sants (Ps. S. Antoni),2.135973,41.375802,27,8.5,18.5,8637,1238,144,14.33,1.67
189,Bruc,2.166163,41.396918,27,6.3,20.7,8636,1766,34,20.45,0.39
190,Avinguda Litoral,2.207803,41.39606,32,13.0,19.0,8636,204,111,2.36,1.29
191,Rocafort,2.149094,41.382564,27,10.1,16.9,8634,988,368,11.44,4.26
192,Joan Güell,2.133467,41.378629,21,8.6,12.4,8634,1197,577,13.86,6.68
193,Figols,2.128912,41.381311,27,5.7,21.3,8632,1546,216,17.91,2.5
194,Joan Güell,2.132319,41.381013,25,0.0,25.0,6640,6640,0,100.0,0.0
195,Vallespir,2.135433,41.381888,27,8.2,18.8,8631,1810,206,20.97,2.39
196,Berlín,2.139363,41.383241,24,4.7,19.3,8630,1501,13,17.39,0.15
197,Gelabert,2.141039,41.38712,27,7.2,19.8,8629,2145,1,24.86,0.01
198,Vallespir,2.133617,41.38451,27,1.3,25.7,8628,5292,0,61.34,0.0
199,Mejía Lequerica,2.126933,41.38182,27,7.8,19.2,8628,3078,2,35.67,0.02
200,Can bruixa,2.131273,41.383756,24,3.3,20.7,8627,2587,0,29.99,0.0
201,Numància,2.134341,41.387787,33,6.1,26.9,8626,2584,12,29.96,0.14
202,Carrer de les Corts,2.128737,41.385331,27,1.6,25.4,8624,5031,0,58.34,0.0
203,Avda. Diagonal,2.128503,41.388742,33,8.9,24.1,8624,2883,67,33.43,0.78
204,Avda. Diagonal,2.125593,41.388011,33,8.4,24.6,8621,2149,155,24.93,1.8
205,Europa,2.130838,41.387465,33,11.0,22.0,8619,1212,4,14.06,0.05
206,Avda. Diagonal,2.13284,41.389845,33,4.1,28.9,8618,5490,45,63.7,0.52
207,Avda. Diagonal,2.136665,41.390828,21,5.7,15.3,8616,3117,259,36.18,3.01
208,Avda. Diagonal,2.139116,41.391451,33,4.8,28.2,8615,5094,90,59.13,1.04
209,Diputació,2.161004,41.385755,27,5.7,21.3,8614,3388,110,39.33,1.28
210,Vilardell,2.142356,41.37453,27,11.2,15.8,8614,782,49,9.08,0.57
211,Sancho de Ávila,2.190291,41.398848,33,14.6,18.4,8613,563,516,6.54,5.99
212,Av. Sarrià,2.130945,41.39239,27,8.5,18.5,8612,1618,20,18.79,0.23
213,Sant Fe de Nou Mèxic,2.135078,41.393783,33,6.3,26.7,8610,4639,1,53.88,0.01
214,José de Agulló,2.133541,41.395251,24,5.9,18.1,8610,2041,0,23.7,0.0
215,Carrer de Ganduxer,2.138146,41.39412,21,5.1,15.9,8609,2603,42,30.24,0.49
216,Madrazo,2.144534,41.396809,27,0.5,26.5,8609,6367,0,73.96,0.0
217,Rector Ubach,2.143924,41.398463,27,7.3,19.7,8608,2468,0,28.67,0.0
218,Consell de Cent,2.183203,41.404114,27,13.4,13.6,8608,690,11,8.02,0.13
219,Carre Laforja,2.147358,41.397698,27,2.2,24.8,8607,6220,0,72.27,0.0
220,Tuset,2.151482,41.396229,27,6.6,20.4,8606,2216,58,25.75,0.67
221,Gran de Gràcia,2.152519,41.402535,27,2.2,24.8,8605,6150,2,71.47,0.02
222,Carrer del Canó,2.157483,41.40124,27,7.0,20.0,8605,1814,7,21.08,0.08
223,Carrer de Bonavista,2.159865,41.398311,36,2.6,33.4,8605,5788,0,67.26,0.0
224,Girona,2.164389,41.399945,24,6.9,17.1,8603,1643,106,19.1,1.23
225,Mallorca,2.150814,41.384956,27,7.8,19.2,8603,1183,57,13.75,0.66
226,Montmany,2.161096,41.403465,27,3.1,23.9,8602,5704,0,66.31,0.0
227,Torrent de Les Flors,2.158678,41.407837,27,6.8,20.2,8601,2532,0,29.44,0.0
228,Pl. Del Nord,2.155794,41.40694,21,2.0,19.0,8600,6543,38,76.08,0.44
229,Carrer de la Santacreu,2.156874,41.405107,30,8.7,21.3,8600,1677,44,19.5,0.51
230,C. De Nil Fabra,2.151633,41.405986,27,6.4,20.6,8600,2283,0,26.55,0.0
231,Pi i Margall,2.163476,41.407202,24,8.3,15.7,8599,1406,50,16.35,0.58
232,Vilà i Vilà,2.171002,41.373509,27,14.5,12.5,8598,224,597,2.61,6.94
233,Nou de la Rambla,2.166871,41.371965,26,4.7,21.3,8596,2777,0,32.31,0.0
234,Passeig de l'Exposició,2.162166,41.371515,27,8.8,18.2,8595,1147,15,13.34,0.17
235,Paral.lel,2.165839,41.375065,27,11.0,16.0,8594,1700,0,19.78,0.0
236,Avinguda Paral.lel,2.152769,41.375127,24,8.5,15.5,8594,873,115,10.16,1.34
237,Rius i Taulet,2.154471,41.372891,27,8.1,18.9,8594,739,0,8.6,0.0
238,Espronceda,2.190986,41.415684,27,12.7,14.3,8591,503,179,5.85,2.08
239,Indústria,2.184534,41.417323,27,12.3,14.7,8591,746,746,8.68,8.68
240,Josep Estivill,2.187558,41.417763,27,18.1,8.9,8591,320,2824,3.72,32.87
241,Teodor Llorente,2.180482,41.419337,33,10.8,22.2,8590,1176,0,13.69,0.0
242,Ramon Albó,2.177284,41.424451,27,2.2,24.8,8590,6702,0,78.02,0.0
243,Alenxadre Galí,2.181298,41.423939,27,6.7,20.3,8590,1866,115,21.72,1.34
244,Felip II,2.178511,41.426896,27,3.4,23.6,8589,6489,0,75.55,0.0
246,Garcilaso,2.186637,41.422844,18,2.3,15.7,8588,6412,20,74.66,0.23
247,Felipe II,2.184806,41.421992,24,7.5,16.5,8588,987,81,11.49,0.94
248,Palència,2.190374,41.418208,26,11.6,14.4,8588,362,284,4.22,3.31
249,Açores,2.188997,41.425216,27,2.4,24.6,8587,6157,0,71.7,0.0
250,Portugal,2.19115,41.425905,24,10.8,13.2,8584,864,336,10.07,3.91
251,Cardenal Tedeschini,2.185226,41.425405,33,9.0,24.0,8584,701,0,8.17,0.0
252,Rambla Onze de Setembre,2.193185,41.429953,33,14.7,18.3,8584,306,268,3.56,3.12
253,Onze de Setembre,2.191821,41.429977,27,5.4,21.6,8584,6025,303,70.19,3.53
254,Gran de Sant Andreu,2.190163,41.429985,24,7.5,16.5,8584,1011,173,11.78,2.02
255,Irlanda,2.185852,41.431183,24,4.6,19.4,8583,6278,250,73.14,2.91
256,Malats,2.189542,41.43608,24,0.0,24.0,8462,8462,0,100.0,0.0
257,Sant Adrià,2.189614,41.433897,27,0.0,27.0,6592,6592,0,100.0,0.0
258,Fernando Pessoa,2.193032,41.442167,27,3.2,23.8,8319,6592,0,79.24,0.0
259,Carrer de Bartrina,2.185818,41.439109,27,8.7,18.3,8583,367,0,4.28,0.0
260,Plaça de l'Estació,2.192994,41.436163,25,16.4,8.6,8583,47,566,0.55,6.59
261,Villarroel,2.160644,41.382206,27,11.2,15.8,8583,1649,378,19.21,4.4
262,Rocafort,2.152496,41.379821,33,13.3,19.7,8582,688,53,8.02,0.62
263,Pg.Torras i Bages,2.191039,41.437814,21,12.9,8.1,8582,11,182,0.13,2.12
264,República Dominicana,2.197033,41.439949,26,21.9,4.1,8582,0,0,0.0,0.0
265,Casanovas,2.158532,41.385467,18,6.6,11.4,8582,1043,181,12.15,2.11
266,Concepció Arenal,2.184238,41.426841,27,1.8,25.2,8582,6238,0,72.69,0.0
267,Passeig Torras i Bages,2.190623,41.443395,25,4.5,20.5,8317,0,0,0.0,0.0
268,Fernando Pessoa,2.192892,41.445705,26,15.9,10.1,8579,0,0,0.0,0.0
269,Via Barcino,2.192826,41.448128,26,4.9,21.1,8315,6593,0,79.29,0.0
270,Crta. de Ribes (Trinitat Vella),2.18976,41.448628,27,14.8,12.2,8579,12,192,0.14,2.24
271,Via Barcino,2.192335,41.450634,21,2.9,18.1,8326,6588,0,79.13,0.0
272,Concepció Arenal,2.184264,41.432559,27,8.5,18.5,8579,974,341,11.35,3.97
273,Avda. Meridiana,2.183382,41.430404,36,9.9,26.1,8579,1177,3,13.72,0.03
274,Rambla Fabra i Puig,2.184898,41.430092,33,7.1,25.9,8579,6013,213,70.09,2.48
275,Rio de Janeiro,2.182225,41.430693,33,2.4,30.6,8578,6526,0,76.08,0.0
276,Plaça Alfons X el Savi / Ronda del Guinardó,2.165275,41.412163,27,7.8,19.2,8578,2756,19,32.13,0.22
277,Travessera de Gràcia,2.16905,41.408284,27,8.8,18.2,8578,1485,0,17.31,0.0
278,Travessera de Gràcia,2.171621,41.409815,23,2.7,20.3,8578,5944,10,69.29,0.12
279,Mas Casanovas,2.174564,41.415951,26,3.6,22.4,8577,5675,10,66.17,0.12
280,Sant Antoni Mª Claret,2.177842,41.413986,23,7.0,16.0,8577,1750,144,20.4,1.68
281,Escornalbou,2.176313,41.418088,24,1.2,22.8,8576,7085,0,82.61,0.0
282,Font d'en Fargas,2.166022,41.427561,27,6.8,20.2,8576,2125,0,24.78,0.0
283,Carrer Fulton,2.16157,41.42968,21,2.4,18.6,8576,4362,0,50.86,0.0
284,Ada. Diagonal,2.131454,41.389503,27,6.6,20.4,8576,3226,0,37.62,0.0
285,Malats,2.186059,41.436708,24,4.0,20.0,8312,6589,282,79.27,3.39
286,Bolívia,2.191428,41.403103,21,8.7,12.3,8575,1252,743,14.6,8.66
287,Gran Via,2.168113,41.389171,15,4.7,10.3,8575,2713,842,31.64,9.82
288,Pl. Virrei Amat,2.174487,41.429636,33,2.1,30.9,8575,6776,0,79.02,0.0
289,Múrcia,2.191022,41.416828,27,13.8,13.2,8575,274,680,3.2,7.93
290,Plaça dels Jardins d'Alfàbia,2.174047,41.437094,26,0.0,26.0,6584,6584,0,100.0,0.0
291,Cubelles,2.17505,41.425897,27,6.6,20.4,8575,1803,0,21.03,0.0
292,Amilcar,2.171974,41.430036,27,0.6,26.4,8575,7388,0,86.16,0.0
293,Granollers,2.163101,41.428388,24,0.0,24.0,6584,6584,0,100.0,0.0
294,Seu del Districte (Nou Barris),2.170678,41.436373,27,3.1,23.9,8465,6757,4,79.82,0.05
295,Sant Iscle,2.1715,41.43345,27,6.0,21.0,8465,3186,0,37.64,0.0
296,Carrer de Rosselló i Porcel,2.183877,41.436505,33,10.2,22.8,8575,799,37,9.32,0.43
297,Carrer Turó Blau,2.176822,41.438864,24,1.7,22.3,8509,6874,22,80.79,0.26
298,Andreu Nin,2.181747,41.43463,32,1.6,30.4,8322,6791,0,81.6,0.0
299,Carrer de l'Escultor Ordóñez,2.175199,41.433965,26,3.0,23.0,8520,6715,0,78.81,0.0
300,Carrer de Maladeta,2.176909,41.431593,18,6.1,11.9,8574,1434,169,16.72,1.97
301,Marie Curie,2.169644,41.437053,27,8.5,18.5,8573,1281,0,14.94,0.0
302,Cavallers,2.111615,41.39065,26,5.0,21.0,8573,4324,81,50.44,0.94
303,Cavallers,2.115076,41.393341,27,6.3,20.7,8573,2542,0,29.65,0.0
304,Manuel Girona,2.121029,41.390208,33,5.6,27.4,8573,4203,17,49.03,0.2
305,Diagonal,2.123637,41.387498,27,4.4,22.6,8573,4686,68,54.66,0.79
306,Doctor Salvador Cardenal,2.122912,41.385465,32,10.2,21.8,8573,1561,86,18.21,1.0
307,Pintor Ribalta,2.113505,41.379135,33,7.0,26.0,8573,2775,0,32.37,0.0
308,Cardenal Reig,2.113864,41.376788,27,6.7,20.3,8573,2991,183,34.89,2.13
309,Sant Ramón Nonat,2.116973,41.37674,27,11.0,16.0,8573,157,78,1.83,0.91
310,Josep Samitier,2.119077,41.381223,27,3.6,23.4,8573,5330,122,62.17,1.42
311,Gallego-Arístides Maillol,2.120393,41.378638,24,6.8,17.2,8573,2808,341,32.75,3.98
312,Arizala,2.123253,41.379046,33,15.3,17.7,8573,334,166,3.9,1.94
313,Feliu de Casanova,2.129847,41.375366,27,9.4,17.6,8573,1096,0,12.78,0.0
314,Rambla del Brasil,2.129737,41.37836,27,8.4,18.6,8573,1247,232,14.55,2.71
315,Guinardó,2.181966,41.415617,27,6.5,20.5,8573,1370,90,15.98,1.05
316,Cantàbria,2.198316,41.422212,27,12.7,14.3,8573,158,186,1.84,2.17
317,Rambla Prim,2.200693,41.425566,23,19.5,3.5,8573,0,146,0.0,1.7
318,Cartagena,2.171331,41.413406,26,2.5,23.5,8573,6725,0,78.44,0.0
319,Saguès,2.145584,41.393713,32,6.5,25.5,8573,1842,51,21.49,0.59
320,Vía Augusta,2.147989,41.401118,26,8.5,17.5,8573,1887,0,22.01,0.0
321,Carrer de Sant Hermenegild,2.144549,41.403054,27,0.7,26.3,8573,7084,0,82.63,0.0
322,Santaló,2.13907,41.400977,27,10.3,16.7,8573,1620,0,18.9,0.0
323,Vallmajor,2.138717,41.397996,27,3.8,23.2,8573,5187,0,60.5,0.0
324,Reina Victoria,2.136258,41.396938,27,10.1,16.9,8573,1477,5,17.23,0.06
325,Alt de Gironella,2.130325,41.39493,24,2.5,21.5,8573,5692,0,66.39,0.0
326,Balmes,2.1383,41.407384,33,12.8,20.2,8573,1309,3,15.27,0.03
327,Reus,2.13453,41.405,24,2.9,21.1,8573,5693,0,66.41,0.0
328,Artesa de Segre,2.13427,41.40293,27,4.0,23.0,8573,5143,0,59.99,0.0
329,Carrer de les Escoles Pies,2.128541,41.402879,27,8.9,18.1,8573,3708,2,43.25,0.02
330,Doctor Carulla,2.130658,41.400587,27,7.2,19.8,8572,3091,0,36.06,0.0
331,Castellnou,2.12801,41.39706,33,7.4,25.6,8572,2825,0,32.96,0.0
332,Doctor Roux,2.128083,41.399833,27,4.8,22.2,8572,5371,0,62.66,0.0
333,Passatge de Senillosa,2.125106,41.395632,27,2.2,24.8,8572,5715,0,66.67,0.0
334,Via Augusta,2.123268,41.400722,27,6.7,20.3,8572,4632,43,54.04,0.5
335,Santa Amèlia,2.123224,41.393639,27,9.3,17.7,8572,1540,11,17.97,0.13
336,Caponata,2.120973,41.395274,27,3.5,23.5,8572,4974,0,58.03,0.0
337,Carme Karr,2.120422,41.398719,24,5.4,18.6,8572,3326,0,38.8,0.0
338,Avinguda de J.Foix,2.119506,41.397572,33,8.2,24.8,8572,4402,0,51.35,0.0
339,Ramon Turró,2.205277,41.401662,27,16.0,11.0,8572,115,975,1.34,11.37
340,Sant Adrià,2.204573,41.43619,24,3.5,20.5,8528,6666,0,78.17,0.0
341,Pl. Mossèn Joan Cortines,2.206166,41.433958,26,0.0,26.0,8450,8450,0,100.0,0.0
342,Roc Boronat,2.193702,41.403502,27,10.2,16.8,8571,1911,451,22.3,5.26
343,Campana de la Maquinista,2.199598,41.438886,27,2.7,24.3,8219,6695,181,81.46,2.2
344,Ciutat d'Asunción,2.199538,41.443127,27,4.8,22.2,8318,6550,692,78.74,8.32
345,Pl. Teresa de Claramunt,2.139771,41.363093,33,20.0,13.0,8571,55,598,0.64,6.98
346,Carrer de la Foneria,2.139132,41.360654,32,18.8,13.2,8571,371,664,4.33,7.75
347,Alts Forns,2.14182,41.359496,32,16.9,15.1,8571,310,89,3.62,1.04
348,Jardins de Can Ferrero,2.141563,41.357067,33,12.7,20.3,8571,153,141,1.79,1.65
349,Carrer de l'Energia,2.137172,41.357338,33,13.9,19.1,8571,687,156,8.02,1.82
350,Villarroel,2.14812,41.391833,32,9.2,22.8,8571,1641,76,19.15,0.89
351,Jane Addams,2.135637,41.362135,33,14.7,18.3,8571,236,676,2.75,7.89
352,Radi,2.134144,41.36335,32,15.7,16.3,8571,597,632,6.97,7.37
353,Munné,2.123191,41.375414,27,6.3,20.7,8571,3280,93,38.27,1.09
354,Rambla del Brasil,2.13008,41.37592,26,11.8,14.2,8571,689,480,8.04,5.6
355,Carreras i Candi,2.12859,41.37211,26,0.0,26.0,6580,6580,0,100.0,0.0
356,Camèlies,2.163411,41.413425,26,2.2,23.8,8571,7003,7,81.71,0.08
357,Cardener,2.1581,41.410538,27,0.0,27.0,6580,6580,0,100.0,0.0
358,Gombau,2.17927,41.387225,27,18.3,8.7,8571,248,1617,2.89,18.87
359,Méndez Núñez,2.177572,41.390021,26,11.5,14.5,8571,303,280,3.54,3.27
360,Bailén,2.172984,41.395213,30,5.4,24.6,8571,4767,53,55.62,0.62
361,Passeig de Colom,2.178553,41.376292,33,15.2,17.8,8571,72,0,0.84,0.0
362,Bailén,2.17057,41.397006,33,5.8,27.2,8571,4936,101,57.59,1.18
363,Bruc,2.1744,41.39076,27,11.7,15.3,8571,456,385,5.32,4.49
364,Passeig de Gràcia,2.16343,41.39324,33,5.1,27.9,8571,5305,80,61.89,0.93
365,Viladomat,2.14702,41.387499,32,8.1,23.9,8571,1867,6,21.78,0.07
366,Pau Casals,2.14358,41.393037,27,2.2,24.8,8571,5725,30,66.8,0.35
367,Sentmenat,2.137331,41.385057,30,4.5,25.5,8571,1796,44,20.95,0.51
368,Diputació,2.175714,41.396815,27,12.1,14.9,8571,718,462,8.38,5.39
369,Consell de Cent,2.177948,41.400168,26,11.2,14.8,8571,960,536,11.2,6.25
370,Sardenya,2.172987,41.403735,30,8.1,21.9,8571,1184,176,13.81,2.05
371,Carrer dels Enamorats,2.181264,41.404027,33,6.0,27.0,8571,4957,183,57.83,2.14
372,Ribes,2.184362,41.400167,27,12.4,14.6,8571,555,367,6.48,4.28
373,Av. Paral.lel,2.161305,41.375073,36,15.8,20.2,8571,1518,0,17.71,0.0
374,Passeig de Gràcia,2.16123,41.395,33,6.1,26.9,8571,2594,0,30.26,0.0
375,World Trade Center,2.180701,41.372154,27,7.6,19.4,8571,2138,157,24.94,1.83
376,World Trade Center,2.180302,41.371663,27,6.6,20.4,8571,1783,164,20.8,1.91
377,Pl. Ictíneo,2.183737,41.37747,30,11.9,18.1,8571,408,3,4.76,0.04
378,Pl.Joaquim Xira i Palau,2.176716,41.378516,21,12.4,8.6,8571,202,1061,2.36,12.38
379,Pl. Sant Miquel,2.177308,41.381709,18,9.7,8.3,8571,152,866,1.77,10.1
380,Duran i Bas,2.174252,41.385463,24,11.2,12.8,8571,251,978,2.93,11.41
381,Agustí Duran i Sanpere,2.167816,41.381686,33,19.3,13.7,8571,189,644,2.21,7.51
382,Lope de Vega,2.204188,41.403938,27,15.7,11.3,8571,115,567,1.34,6.62
384,Vilamarí,2.146793,41.380708,27,9.4,17.6,8571,1514,0,17.66,0.0
385,Casanova,2.155266,41.387978,30,4.6,25.4,8571,4288,31,50.03,0.36
386,Av.Paral.lel,2.156848,41.375086,27,10.7,16.3,8571,1516,149,17.69,1.74
387,Nàpols,2.178784,41.395796,27,12.1,14.9,8571,637,389,7.43,4.54
388,Riera Alta,2.167418,41.380593,27,11.1,15.9,8571,1439,0,16.79,0.0
389,Recinte Parc de la Ciutadella,2.1875,41.38739,27,14.0,13.0,8571,351,252,4.1,2.94
390,Comerç,2.18195,41.386955,27,14.0,13.0,8571,312,497,3.64,5.8
391,Sagrera,2.191204,41.422873,26,4.1,21.9,8571,6135,30,71.58,0.35
392,Ramon Turró,2.190681,41.390595,21,12.8,8.2,8571,414,2053,4.83,23.95
393,Llacuna,2.197653,41.402177,33,12.4,20.6,8571,521,403,6.08,4.7
394,Diputació,2.162838,41.387151,27,8.3,18.7,8571,1569,0,18.31,0.0
395,Pl. Catalunya,2.170212,41.386009,33,6.3,26.7,8571,3772,131,44.01,1.53
396,Joan Miró,2.196844,41.389028,33,12.3,20.7,8571,530,204,6.18,2.38
397,Av. Del Litoral,2.199334,41.388894,26,11.7,14.3,8571,890,904,10.38,10.55
398,Passeig Marítim de la Barceloneta,2.193502,41.381011,27,10.3,16.7,8571,797,0,9.3,0.0
400,Moll Oriental,2.188017,41.36958,27,9.2,17.8,8571,1208,191,14.09,2.23
401,Pl. Antonio López (Via Laietana) annexa a la 37,2.181838,41.381241,23,14.4,8.6,8571,274,1081,3.2,12.61
402,Passeig de Colom,2.182415,41.380705,26,11.0,15.0,8571,335,810,3.91,9.45
404,Juan Gris,2.133087,41.365374,26,13.6,12.4,8571,573,681,6.69,7.95
405,Comte Borrell,2.152,41.38551,27,5.0,22.0,8571,3084,50,35.98,0.58
406,Gran Via de Les Corts Catalanes,2.164597,41.386512,33,7.5,25.5,8571,3532,201,41.21,2.35
407,Ramon Trias Fargas,2.192835,41.388471,27,10.9,16.1,8571,1404,177,16.38,2.07
408,Ramon Trias Fargas,2.192283,41.388988,36,14.7,21.3,8571,1039,460,12.12,5.37
409,Joan d'Àustria,2.192556,41.392272,18,10.6,7.4,8571,278,843,3.24,9.84
410,"Passeig de Colom, s/n",2.17871,41.376433,33,16.3,16.7,8571,12,0,0.14,0.0
412,Pl. Urquinaona,2.172667,41.389012,27,9.0,18.0,8571,1762,154,20.56,1.8
413,Bruc,2.170718,41.393512,27,5.5,21.5,8571,461,54,5.38,0.63
414,Casp,2.176451,41.393744,33,9.6,23.4,8571,4409,231,51.44,2.7
415,Rambla del Raval,2.168921,41.379374,27,14.0,13.0,8571,529,815,6.17,9.51
416,Rambla del Raval,2.16965,41.378134,27,11.5,15.5,8571,2199,731,25.66,8.53
418,Passeig de Lluís Companys,2.180251,41.390943,27,12.1,14.9,8571,448,277,5.23,3.23
419,Passeig de Lluís Companys,2.180828,41.391299,33,19.8,13.2,8571,259,736,3.02,8.59
420,Gran Via,2.148082,41.374213,27,6.2,20.8,8571,1532,77,17.87,0.9
421,Plaça de Joan Peiró,2.139124,41.378031,32,8.6,23.4,8571,850,10,9.92,0.12
423,Carrer d'Hondures,2.189532,41.420201,27,10.7,16.3,8571,437,1,5.1,0.01
424,"Passeig Marítim de la Barceloneta, devant del 5-7",2.192662,41.379632,27,13.9,13.1,8571,751,892,8.76,10.41
425,Carrer de Cervelló,2.1749,41.37652,27,13.9,13.1,8571,144,286,1.68,3.34
426,Carrer de Ribes,2.183023,41.398305,33,13.4,19.6,8571,514,300,6.0,3.5
427,Carrer de Sant Pau,2.168007,41.375336,21,12.6,8.4,8571,430,1398,5.02,16.31
428,Carrer Pujades,2.196261,41.398389,26,12.5,13.5,8571,223,502,2.6,5.86
451,(PK) C/ JAUME FABRA,2.159668,41.37445,12,3.9,8.1,8571,374,0,4.36,0.0
452,(PK) C/ PADILLA,2.186289,41.398747,10,4.3,5.7,8571,726,38,8.47,0.44
453,(PK) C/ URGELL,2.16204,41.379563,10,4.3,5.7,8571,326,0,3.8,0.0
454,(PK) C/ BILBAO,2.204131,41.402448,12,5.0,7.0,8571,186,14,2.17,0.16
455,(PK) AV. DEL LITORAL,2.19917,41.388966,10,4.5,5.5,8571,128,0,1.49,0.0
456,(PK) C/ DE FLOS I CALCAT,2.128581,41.389853,12,5.5,6.5,8571,150,36,1.75,0.42
457,(PK) C/ DE JOSEP BALARÍ,2.134235,41.401519,12,5.7,6.3,8571,97,246,1.13,2.87
458,(PK) AV. JOAN XXIII,2.122085,41.384344,12,4.4,7.6,8571,367,67,4.28,0.78
459,(PK) C/ D'ALÍ BEI,2.181443,41.393941,12,5.7,6.3,8571,76,6,0.89,0.07
460,(PK) AV. FRANCESC CAMBÓ,2.177316,41.385702,12,5.5,6.5,8571,1,0,0.01,0.0
461,(PK) AV. JOSEP TARRADELLAS,2.14274,41.384111,12,7.2,4.8,8571,1,60,0.01,0.7
462,(PK) AV. JOSEP TARRADELLAS,2.143221,41.390125,10,5.5,4.5,8571,147,501,1.72,5.85
463,(PK) C/ DE L´ABAT SAFONT,2.169795,41.375244,10,3.6,6.4,8571,404,0,4.71,0.0
464,"(PK) C/ DE RAMON ALBÓ, 77s",2.177205,41.427727,12,5.5,6.5,8571,12,0,0.14,0.0
465,(PK) RDA. DEL GENERAL MITRE,2.142456,41.40542,12,6.8,5.2,8571,6,242,0.07,2.82
466,(PK) PG. MARAGALL,2.180684,41.415745,12,6.4,5.6,8571,11,0,0.13,0.0
467,(PK) C/ DEL DR. AIGUADER,2.194135,41.38582,12,6.3,5.7,8571,3,53,0.04,0.62
468,(PK) C/ DE LES MONGES,2.187974,41.430201,11,5.5,5.5,8571,0,0,0.0,0.0
469,(PK) RAMBLA DEL POBLENOU,2.197132,41.404362,12,5.7,6.3,8571,56,6,0.65,0.07
470,(PK) C/ CARDENAL DE SENTMENAT,2.125411,41.397921,12,5.3,6.7,8571,73,31,0.85,0.36
471,(PK) C/ MARQUÈS DE MULHACÉN,2.114973,41.39415,12,4.5,7.5,8571,213,0,2.49,0.0
472,(PK) C/ DEL TORRENT DE L´OLLA,2.151341,41.407353,10,4.8,5.2,8571,363,422,4.24,4.92
473,(PK) PG. DE GARCIA FÀRIA,2.214978,41.404459,12,5.0,7.0,8571,138,63,1.61,0.74
474,(PK) PL. GAL·LA PLACÍDIA,2.153668,41.3989,10,3.7,6.3,8571,1000,143,11.67,1.67
475,(PK) C/ DE LA MARINA,2.169385,41.408528,12,6.2,5.8,8571,131,285,1.53,3.33
476,(PK) C/ DE BADAJOZ,2.19042,41.402459,12,4.2,7.8,8571,1243,34,14.5,0.4
477,(PK) PG. DE COLOM,2.178745,41.376648,10,4.8,5.2,8551,1,0,0.01,0.0
478,(PK) C/ DEL BALUARD,2.1891,41.3798,12,5.0,7.0,8551,315,0,3.68,0.0
479,(PK) C/ DE LA MARINA,2.196595,41.387298,12,5.3,6.7,8551,639,185,7.47,2.16
480,(PK) C/ DELS FLORISTES DE LA RAMBLA,2.170239,41.381516,12,4.8,7.2,8551,269,0,3.15,0.0
481,(PK) C/ DE VALÈNCIA,2.150337,41.383036,12,7.1,4.9,8551,102,445,1.19,5.2
482,(PK) PL. D'ERNEST LLUCH I MARTIN,2.22123,41.41306,9,6.2,2.8,8551,0,0,0.0,0.0
483,(PK) C/ DE SIRACUSA,2.160748,41.401752,12,6.2,5.8,8540,288,406,3.37,4.75
484,(PK) RAMBLA CATALUNYA - RDA. UNIVERSITAT,2.166997,41.388101,12,5.0,7.0,8540,178,0,2.08,0.0
485,(PK) PLAÇA URQUINAONA,2.173239,41.389914,10,5.2,4.8,8540,149,56,1.74,0.66
486,(PK) PG. DE GRÀCIA - DIAGONAL,2.159445,41.396934,12,4.7,7.3,8540,391,211,4.58,2.47
487,(PK) PL. DE FERRER I CAJIGAL,2.154,41.38921,12,4.9,7.1,8540,46,15,0.54,0.18
488,(PK) C/ DE CIENFUEGOS,2.184391,41.423976,12,6.5,5.5,8540,4,96,0.05,1.12
489,(PK) PLAÇA CANONGE RODÓ,2.188282,41.409532,12,5.1,6.9,8540,146,55,1.71,0.64
491,(PK) C/ DE CARRERAS I CANDI,2.12898,41.37252,12,7.3,4.7,8540,51,112,0.6,1.31
492,PL. DE TETUAN,2.175278,41.394232,24,11.1,12.9,8540,144,0,1.69,0.0
493,PL. SANT MIQUEL,2.177086,41.38186,23,10.0,13.0,8540,17,0,0.2,0.0
494,RAMBLA CATALUNYA,2.165357,41.389481,24,11.3,12.7,8540,1,0,0.01,0.0
495,C/ DIPUTACIÓ - TARRAGONA,2.149283,41.377191,24,10.3,13.7,8540,66,0,0.77,0.0
496,C/ DE PROVENÇA,2.175141,41.404871,24,12.7,11.3,8540,3,720,0.04,8.43
